DROP DATABASE IF EXISTS Base_De_Datos_APP;
CREATE DATABASE Base_De_Datos_APP CHARSET utf8mb4;
USE Base_De_Datos_APP;
CREATE TABLE Entrenadores (
    ID_entrenador INT AUTO_INCREMENT PRIMARY KEY,
    nombre VARCHAR(100),
    nacionalidad VARCHAR(50),
    fecha_nacimiento DATE
);
CREATE TABLE Equipos (
    ID_equipo INT AUTO_INCREMENT PRIMARY KEY,
    nombre VARCHAR(100),
    pais VARCHAR(50),
    fundacion DATE,
    estadio VARCHAR(100),
    entrenador_id INT,
    FOREIGN KEY (entrenador_id) REFERENCES Entrenadores(ID_entrenador)
);
CREATE TABLE Torneos (
    ID_torneo INT AUTO_INCREMENT PRIMARY KEY,
    nombre VARCHAR(100),
    descripcion TEXT,
    fecha_inicio DATE,
    fecha_fin DATE
);
CREATE TABLE Jugadores (
    ID_jugador INT AUTO_INCREMENT PRIMARY KEY,
    nombre VARCHAR(100),
    nacionalidad VARCHAR(50),
    fecha_nacimiento DATE,
    posicion VARCHAR(50),
    equipo_id INT,
    entrenador_id INT,
    FOREIGN KEY (equipo_id) REFERENCES Equipos(ID_equipo),
    FOREIGN KEY (entrenador_id) REFERENCES Entrenadores(ID_entrenador)
);
CREATE TABLE Participacion_Y_Clasificacion (
    equipo_id INT,
    torneo_id INT,
    posicion INT,
    puntos INT,
    partidos_jugados INT,
    partidos_ganados INT,
    partidos_empatados INT,
    partidos_perdidos INT,
    PRIMARY KEY (equipo_id, torneo_id),
    FOREIGN KEY (equipo_id) REFERENCES Equipos(ID_equipo),
    FOREIGN KEY (torneo_id) REFERENCES Torneos(ID_torneo)
);
INSERT INTO Entrenadores (ID_entrenador, nombre, nacionalidad, fecha_nacimiento) VALUES
(1, 'Carlo Ancelotti', 'Italiana', '1959-06-10'),
(2, 'Ronald Koeman', 'Neerlandesa', '1963-03-21'),
(3, 'Diego Simeone', 'Argentina', '1970-04-28'),
(4, 'Julen Lopetegui', 'Española', '1966-08-28'),
(5, 'Imanol Alguacil', 'Española', '1971-01-01'),
(6, 'Unai Emery', 'Española', '1971-11-03'),
(7, 'Manuel Pellegrini', 'Chilena', '1953-09-16'),
(8, 'Eduardo Coudet', 'Argentina', '1974-09-12'),
(9, 'Marcelino García Toral', 'Española', '1965-08-14'),
(10, 'Javi Gracia', 'Española', '1970-05-01'),
(11, 'Mikel Arteta', 'Española', '1982-03-26'),
(12, 'Steven Gerrard', 'Inglesa', '1980-05-30'),
(13, 'Sean Dyche', 'Inglesa', '1971-06-28'),
(14, 'Thomas Tuchel', 'Alemana', '1973-08-29'),
(15, 'Rafael Benítez', 'Española', '1960-04-16'),
(16, 'Jürgen Klopp', 'Alemana', '1967-06-16'),
(17, 'Pep Guardiola', 'Española', '1971-01-18'),
(18, 'Ole Gunnar Solskjaer', 'Noruega', '1973-02-26'),
(19, 'Nuno Espírito Santo', 'Portuguesa', '1974-01-25'),
(20, 'David Moyes', 'Escocesa', '1963-04-25');
INSERT INTO Equipos (ID_equipo, nombre, pais, fundacion, estadio, entrenador_id) VALUES
(1, 'Real Madrid', 'España', '1902-03-06', 'Santiago Bernabéu', 1),
(2, 'Barcelona', 'España', '1899-11-29', 'Camp Nou', 2),
(3, 'Atlético de Madrid', 'España', '1903-04-26', 'Wanda Metropolitano', 3),
(4, 'Sevilla', 'España', '1890-10-14', 'Ramón Sánchez-Pizjuán', 4),
(5,  'Real Sociedad', 'España', '1909-09-07', 'Anoeta', 5),
(6, 'Villarreal', 'España', '1923-03-10', 'Estadio de la Cerámica', 6),
(7, 'Real Betis', 'España', '1907-09-12', 'Benito Villamarín', 7),
(8, 'Celta de Vigo', 'España', '1923-08-23', 'Abanca-Balaídos', 8),
(9, 'Athletic Club', 'España', '1898-08-21', 'San Mamés', 9),
(10, 'Valencia', 'España', '1919-03-18', 'Mestalla', 10),
(11, 'Arsenal', 'Inglaterra', '1886-12-01', 'Emirates Stadium', 11),
(12, 'Aston Villa', 'Inglaterra', '1874-11-21', 'Villa Park', 12),
(13, 'Burnley', 'Inglaterra', '1882-05-18', 'Turf Moor', 13),
(14, 'Chelsea', 'Inglaterra', '1905-03-10', 'Stamford Bridge', 14),
(15, 'Everton', 'Inglaterra', '1878-09-01', 'Goodison Park', 15),
(16, 'Liverpool', 'Inglaterra', '1892-06-03', 'Anfield', 16),
(17, 'Manchester City', 'Inglaterra', '1880-04-16', 'Etihad Stadium', 17),
(18, 'Manchester United', 'Inglaterra', '1878-04-01', 'Old Trafford', 18),
(19, 'Tottenham Hotspur', 'Inglaterra', '1882-09-05', 'Tottenham Hotspur Stadium', 19),
(20, 'Fulham', 'Inglaterra', '1882-09-05', 'Estadio de Craven Cottage', 20);
INSERT INTO Torneos (ID_torneo, nombre, descripcion, fecha_inicio, fecha_fin)  VALUES 
(1, 'Liga Española', 'Torneo de fútbol de primera división de España', '2023-08-10', '2024-05-25'),
(2, 'Premier League', 'Torneo de fútbol de primera división de Inglaterra', '2023-08-10', '2024-05-25');
INSERT INTO Jugadores (ID_jugador, nombre, nacionalidad, fecha_nacimiento, posicion, equipo_id, entrenador_id) VALUES
(1, 'Thibaut Courtois', 'Bélgica', '1992-05-11', 'Portero', 1, 1),
(2, 'Sergio Ramos', 'España', '1986-03-30', 'Defensa', 1, 1),
(3, 'Raphael Varane', 'Francia', '1993-04-25', 'Defensa', 1, 1),
(4, 'Casemiro', 'Brasil', '1992-02-23', 'Centrocampista', 1, 1),
(5, 'Luka Modric', 'Croacia', '1985-09-09', 'Centrocampista', 1, 1),
(6, 'Toni Kroos', 'Alemania', '1990-01-04', 'Centrocampista', 1, 1),
(7, 'Eden Hazard', 'Bélgica', '1991-01-07', 'Delantero', 1, 1),
(8, 'Karim Benzema', 'Francia', '1987-12-19', 'Delantero', 1, 1),
(9, 'Vinícius Júnior', 'Brasil', '2000-07-12', 'Delantero', 1, 1),
(10, 'Marco Asensio', 'España', '1996-01-21', 'Delantero', 1, 1),
(11, 'Ferland Mendy', 'Francia', '1995-06-08', 'Defensa', 1, 1),
(12, 'Marc-André ter Stegen', 'Alemania', '1992-04-30', 'Portero', 2, 2),
(13, 'Gerard Piqué', 'España', '1987-02-02', 'Defensa', 2, 2),
(14, 'Jordi Alba', 'España', '1989-03-21', 'Defensa', 2, 2),
(15, 'Frenkie de Jong', 'Países Bajos', '1997-05-12', 'Centrocampista', 2, 2),
(16, 'Sergio Busquets', 'España', '1988-07-16', 'Centrocampista', 2, 2),
(17, 'Lionel Messi', 'Argentina', '1987-06-24', 'Delantero', 2, 2),
(18, 'Antoine Griezmann', 'Francia', '1991-03-21', 'Delantero', 2, 2),
(19, 'Ousmane Dembélé', 'Francia', '1997-05-15', 'Delantero', 2, 2),
(20, 'Ansu Fati', 'España', '2002-10-31', 'Delantero', 2, 2),
(21, 'Pedri', 'España', '2002-11-25', 'Centrocampista', 2, 2),
(22, 'Sergi Roberto', 'España', '1992-02-07', 'Centrocampista', 2, 2),
(23, 'Jan Oblak', 'Eslovenia', '1992-01-07', 'Portero', 3, 3),
(24, 'Stefan Savic', 'Montenegro', '1991-01-08', 'Defensa', 3, 3),
(25, 'Koke', 'España', '1992-01-08', 'Centrocampista', 3, 3),
(26, 'Saúl Ñíguez', 'España', '1994-11-21', 'Centrocampista', 3, 3),
(27, 'Ángel Correa', 'Argentina', '1995-03-09', 'Delantero', 3, 3),
(28, 'Luis Suárez', 'Uruguay', '1987-01-24', 'Delantero', 3, 3),
(29, 'João Félix', 'Portugal', '1999-11-10', 'Delantero', 3, 3),
(30, 'Marcos Llorente', 'España', '1995-01-30', 'Centrocampista', 3, 3),
(31, 'Renan Lodi', 'Brasil', '1998-04-08', 'Defensa', 3, 3),
(32, 'José María Giménez', 'Uruguay', '1995-01-20', 'Defensa', 3, 3),
(33, 'Yannick Carrasco', 'Bélgica', '1993-09-04', 'Centrocampista', 3, 3),
(34, 'Yassine Bounou', 'Marruecos', '1991-04-05', 'Portero', 4, 4),
(35, 'Diego Carlos', 'Brasil', '1993-03-15', 'Defensa', 4, 4),
(36, 'Jules Koundé', 'Francia', '1998-11-12', 'Defensa', 4, 4),
(37, 'Joan Jordán', 'España', '1994-07-06', 'Centrocampista', 4, 4),
(38, 'Ivan Rakitic', 'Croacia', '1988-03-10', 'Centrocampista', 4, 4),
(39, 'Papu Gómez', 'Argentina', '1988-02-15', 'Centrocampista', 4, 4),
(40, 'Lucas Ocampos', 'Argentina', '1994-07-11', 'Delantero', 4, 4),
(41, 'Luuk de Jong', 'Países Bajos', '1990-08-27', 'Delantero', 4, 4),
(42, 'Suso', 'España', '1993-11-19', 'Delantero', 4, 4),
(43, 'Aleix Vidal', 'España', '1989-08-21', 'Defensa', 4, 4),
(44, 'Fernando', 'Brasil', '1987-07-25', 'Centrocampista', 4, 4),
(45, 'Álex Remiro', 'España', '1995-03-24', 'Portero', 5, 5),
(46, 'Robin Le Normand', 'Francia', '1996-01-27', 'Defensa', 5, 5),
(47, 'Andoni Gorosabel', 'España', '1996-03-04', 'Defensa', 5, 5),
(48, 'Mikel Merino', 'España', '1996-06-22', 'Centrocampista', 5, 5),
(49, 'David Silva', 'España', '1986-01-08', 'Centrocampista', 5, 5),
(50, 'Mikel Oyarzabal', 'España', '1997-04-21', 'Delantero', 5, 5),
(51, 'Portu', 'España', '1992-02-21', 'Delantero', 5, 5),
(52, 'Alexander Isak', 'Suecia', '1999-09-21', 'Delantero', 5, 5),
(53, 'Ander Guevara', 'España', '1997-05-16', 'Centrocampista', 5, 5),
(54, 'Martín Zubimendi', 'España', '1999-06-25', 'Centrocampista', 5, 5),
(55, 'Aihen Muñoz', 'España', '1997-07-29', 'Defensa', 5, 5),
(56, 'Gero Rulli', 'Argentina', '1992-05-20', 'Portero', 6, 6),
(57, 'Pau Torres', 'España', '1997-01-16', 'Defensa', 6, 6),
(58, 'Raúl Albiol', 'España', '1985-09-04', 'Defensa', 6, 6),
(59, 'Dani Parejo', 'España', '1989-04-16', 'Centrocampista', 6, 6),
(60, 'Manu Trigueros', 'España', '1991-12-17', 'Centrocampista', 6, 6),
(61, 'Gerard Moreno', 'España', '1992-04-07', 'Delantero', 6, 6),
(62, 'Paco Alcácer', 'España', '1993-08-30', 'Delantero', 6, 6),
(63, 'Samuel Chukwueze', 'Nigeria', '1999-05-22', 'Delantero', 6, 6),
(64, 'Étienne Capoue', 'Francia', '1988-07-11', 'Centrocampista', 6, 6),
(65, 'Juan Foyth', 'Argentina', '1998-01-12', 'Defensa', 6, 6),
(66, 'Alberto Moreno', 'España', '1992-07-05', 'Defensa', 6, 6),
(67, 'Claudio Bravo', 'Chile', '1983-04-13', 'Portero', 7, 7),
(68, 'Marc Bartra', 'España', '1991-01-15', 'Defensa', 7, 7),
(69, 'Aïssa Mandi', 'Argelia', '1991-10-22', 'Defensa', 7, 7),
(70, 'Guido Rodríguez', 'Argentina', '1994-04-12', 'Centrocampista', 7, 7),
(71, 'Sergio Canales', 'España', '1991-02-16', 'Centrocampista', 7, 7),
(72, 'Nabil Fekir', 'Francia', '1993-07-18', 'Delantero', 7, 7),
(73, 'Borja Iglesias', 'España', '1993-01-17', 'Delantero', 7, 7),
(74, 'Sergio Canales', 'España', '1991-02-16', 'Centrocampista', 7, 7),
(75, 'Juan Miranda', 'España', '2000-01-19', 'Defensa', 7, 7),
(76, 'Emerson', 'Brasil', '1999-01-14', 'Defensa', 7, 7),
(77, 'Andrés Guardado', 'México', '1986-09-28', 'Centrocampista', 7, 7),
(78, 'Unai Simón', 'España', '1997-06-11', 'Portero', 8, 8),
(79, 'Iñigo Martínez', 'España', '1991-05-17', 'Defensa', 8, 8),
(80, 'Yeray Álvarez', 'España', '1994-01-24', 'Defensa', 8, 8),
(81, 'Unai López', 'España', '1995-11-24', 'Centrocampista', 8, 8),
(82, 'Dani García', 'España', '1990-05-24', 'Centrocampista', 8, 8),
(83, 'Iker Muniain', 'España', '1992-12-19', 'Delantero', 8, 8),
(84, 'Raúl García', 'España', '1986-07-11', 'Delantero', 8, 8),
(85, 'Asier Villalibre', 'España', '1997-09-02', 'Delantero', 8, 8),
(86, 'Iñaki Williams', 'España', '1994-06-15', 'Delantero', 8, 8),
(87, 'Yuri Berchiche', 'España', '1990-02-10', 'Defensa', 8, 8),
(88, 'Óscar de Marcos', 'España', '1989-04-14', 'Defensa', 8, 8),
(89, 'Iván Villar', 'España', '1997-02-05', 'Portero', 9, 9),
(90, 'Joseph Aidoo', 'Ghana', '1995-09-29', 'Defensa', 9, 9),
(91, 'Néstor Araujo', 'México', '1991-08-29', 'Defensa', 9, 9),
(92, 'Renato Tapia', 'Perú', '1995-07-28', 'Centrocampista', 9, 9),
(93, 'Denis Suárez', 'España', '1994-01-06', 'Centrocampista', 9, 9),
(94, 'Iago Aspas', 'España', '1987-08-01', 'Delantero', 9, 9),
(95, 'Santi Mina', 'España', '1995-12-07', 'Delantero', 9, 9),
(96, 'Facundo Ferreyra', 'Argentina', '1991-03-14', 'Delantero', 9, 9),
(97, 'Fran Beltrán', 'España', '1999-02-03', 'Centrocampista', 9, 9),
(98, 'Hugo Mallo', 'España', '1991-06-22', 'Defensa', 9, 9),
(99, 'Lucas Olaza', 'Uruguay', '1994-07-21', 'Defensa', 9, 9),
(100, 'Jasper Cillessen', 'Países Bajos', '1989-04-22', 'Portero', 10, 10),
(101, 'Gabriel Paulista', 'Brasil', '1990-11-26', 'Defensa', 10, 10),
(102, 'José Gayà', 'España', '1995-05-25', 'Defensa', 10, 10),
(103, 'Carlos Soler', 'España', '1997-01-02', 'Centrocampista', 10, 10),
(104, 'Uros Racic', 'Serbia', '1998-03-20', 'Centrocampista', 10, 10),
(105, 'Gonçalo Guedes', 'Portugal', '1996-11-29', 'Delantero', 10, 10),
(106, 'Maxi Gómez', 'Uruguay', '1996-08-14', 'Delantero', 10, 10),
(107, 'Manu Vallejo', 'España', '1997-07-19', 'Delantero', 10, 10),
(108, 'Daniel Wass', 'Dinamarca', '1989-05-31', 'Centrocampista', 10, 10),
(109, 'Hugo Guillamón', 'España', '2000-11-18', 'Defensa', 10, 10),
(110, 'Thierry Correia', 'Portugal', '1999-03-09', 'Defensa', 10, 10),
(111, 'Pierre-Emerick Aubameyang', 'Gabón', '1989-06-18', 'Delantero', 11, 11),
(112, 'Bukayo Saka', 'Inglaterra', '2001-09-05', 'Delantero', 11, 11),
(113, 'Emile Smith Rowe', 'Inglaterra', '2000-07-28', 'Centrocampista', 11, 11),
(114, 'Alexandre Lacazette', 'Francia', '1991-05-28', 'Delantero', 11, 11),
(115, 'Kieran Tierney', 'Escocia', '1997-06-05', 'Defensa', 11, 11),
(116, 'Thomas Partey', 'Ghana', '1993-06-13', 'Centrocampista', 11, 11),
(117, 'Granit Xhaka', 'Suiza', '1992-09-27', 'Centrocampista', 11, 11),
(118, 'Gabriel Magalhães', 'Brasil', '1997-12-19', 'Defensa', 11, 11),
(119, 'Rob Holding', 'Inglaterra', '1995-09-20', 'Defensa', 11, 11),
(120, 'Bernd Leno', 'Alemania', '1992-03-04', 'Portero', 11, 11),
(121, 'Martin Ødegaard', 'Noruega', '1998-12-17', 'Centrocampista', 11, 11),
(122, 'Emiliano Martínez', 'Argentina', '1992-09-02', 'Portero', 12, 12),
(123, 'Matt Targett', 'Inglaterra', '1995-09-18', 'Defensa', 12, 12),
(124, 'Ezri Konsa', 'Inglaterra', '1998-10-23', 'Defensa', 12, 12),
(125, 'John McGinn', 'Escocia', '1994-10-18', 'Centrocampista', 12, 12),
(126, 'Douglas Luiz', 'Brasil', '1998-05-09', 'Centrocampista', 12, 12),
(127, 'Jack Grealish', 'Inglaterra', '1995-09-10', 'Delantero', 12, 12),
(128, 'Bertrand Traoré', 'Burkina Faso', '1995-09-06', 'Delantero', 12, 12),
(129, 'Ollie Watkins', 'Inglaterra', '1995-12-30', 'Delantero', 12, 12),
(130, 'Matty Cash', 'Inglaterra', '1997-07-07', 'Defensa', 12, 12),
(131, 'Tyrone Mings', 'Inglaterra', '1993-03-13', 'Defensa', 12, 12),
(132, 'Morgan Sanson', 'Francia', '1994-08-18', 'Centrocampista', 12, 12),
(133, 'Nick Pope', 'Inglaterra', '1992-04-19', 'Portero', 13, 13),
(134, 'James Tarkowski', 'Inglaterra', '1992-11-19', 'Defensa', 13, 13),
(135, 'Ben Mee', 'Inglaterra', '1989-09-21', 'Defensa', 13, 13),
(136, 'Josh Brownhill', 'Inglaterra', '1996-12-10', 'Centrocampista', 13, 13),
(137, 'Dwight McNeil', 'Inglaterra', '1999-11-22', 'Centrocampista', 13, 13),
(138, 'Chris Wood', 'Nueva Zelanda', '1991-12-07', 'Delantero', 13, 13),
(139, 'Matěj Vydra', 'República Checa', '1992-05-01', 'Delantero', 13, 13),
(140, 'Ashley Westwood', 'Inglaterra', '1990-04-01', 'Centrocampista', 13, 13),
(141, 'Charlie Taylor', 'Inglaterra', '1993-09-18', 'Defensa', 13, 13),
(142, 'Matthew Lowton', 'Inglaterra', '1989-06-09', 'Defensa', 13, 13),
(143, 'Josh Benson', 'Inglaterra', '1999-10-10', 'Centrocampista', 13, 13),
(144, 'Édouard Mendy', 'Senegal', '1992-03-01', 'Portero', 14, 14),
(145, 'Reece James', 'Inglaterra', '1999-12-08', 'Defensa', 14, 14),
(146, 'Thiago Silva', 'Brasil', '1984-09-22', 'Defensa', 14, 14),
(147, 'N´Golo Kanté', 'Francia', '1991-03-29', 'Centrocampista', 14, 14),
(148, 'Mateo Kovačić', 'Croacia', '1994-05-06', 'Centrocampista', 14, 14),
(149, 'Mason Mount', 'Inglaterra', '1999-01-10', 'Centrocampista', 14, 14),
(150, 'Kai Havertz', 'Alemania', '1999-06-11', 'Delantero', 14, 14),
(151, 'Christian Pulisic', 'Estados Unidos', '1998-09-18', 'Delantero', 14, 14),
(152, 'Timo Werner', 'Alemania', '1996-03-06', 'Delantero', 14, 14),
(153, 'Antonio Rüdiger', 'Alemania', '1993-03-03', 'Defensa', 14, 14),
(154, 'Ben Chilwell', 'Inglaterra', '1996-12-21', 'Defensa', 14, 14),
(155, 'Jordan Pickford', 'Inglaterra', '1994-03-07', 'Portero', 15, 15),
(156, 'Ben Godfrey', 'Inglaterra', '1998-01-15', 'Defensa', 15, 15),
(157, 'Michael Keane', 'Inglaterra', '1993-01-11', 'Defensa', 15, 15),
(158, 'Allan', 'Brasil', '1991-01-08', 'Centrocampista', 15, 15),
(159, 'Abdoulaye Doucouré', 'Francia', '1993-01-01', 'Centrocampista', 15, 15),
(160, 'James Rodríguez', 'Colombia', '1991-07-12', 'Centrocampista', 15, 15),
(161, 'Dominic Calvert-Lewin', 'Inglaterra', '1997-03-16', 'Delantero', 15, 15),
(162, 'Richarlison', 'Brasil', '1997-05-10', 'Delantero', 15, 15),
(163, 'Gylfi Sigurðsson', 'Islandia', '1989-09-08', 'Centrocampista', 15, 15),
(164, 'Lucas Digne', 'Francia', '1993-07-20', 'Defensa', 15, 15),
(165, 'Yerry Mina', 'Colombia', '1994-09-23', 'Defensa', 15, 15),
(166, 'Alisson Becker', 'Brasil', '1992-10-02', 'Portero', 16, 16),
(167, 'Trent Alexander-Arnold', 'Inglaterra', '1998-10-07', 'Defensa', 16, 16),
(168, 'Virgil van Dijk', 'Países Bajos', '1991-07-08', 'Defensa', 16, 16),
(169, 'Fabinho', 'Brasil', '1993-10-23', 'Centrocampista', 16, 16),
(170, 'Jordan Henderson', 'Inglaterra', '1990-06-17', 'Centrocampista', 16, 16),
(171, 'Mohamed Salah', 'Egipto', '1992-06-15', 'Delantero', 16, 16),
(172, 'Sadio Mané', 'Senegal', '1992-04-10', 'Delantero', 16, 16),
(173, 'Roberto Firmino', 'Brasil', '1991-10-02', 'Delantero', 16, 16),
(174, 'Diogo Jota', 'Portugal', '1996-12-04', 'Delantero', 16, 16),
(175, 'Andrew Robertson', 'Escocia', '1994-03-11', 'Defensa', 16, 16),
(176, 'Joe Gomez', 'Inglaterra', '1997-05-23', 'Defensa', 16, 16),
(177, 'Ederson', 'Brasil', '1993-08-17', 'Portero', 17, 17),
(178, 'Rúben Dias', 'Portugal', '1997-05-14', 'Defensa', 17, 17),
(179, 'John Stones', 'Inglaterra', '1994-05-28', 'Defensa', 17, 17),
(180, 'Kevin De Bruyne', 'Bélgica', '1991-06-28', 'Centrocampista', 17, 17),
(181, 'Rodri', 'España', '1996-06-22', 'Centrocampista', 17, 17),
(182, 'Raheem Sterling', 'Inglaterra', '1994-12-08', 'Delantero', 17, 17),
(183, 'Phil Foden', 'Inglaterra', '2000-05-28', 'Delantero', 17, 17),
(184, 'Gabriel Jesus', 'Brasil', '1997-04-03', 'Delantero', 17, 17),
(185, 'İlkay Gündoğan', 'Alemania', '1990-10-24', 'Centrocampista', 17, 17),
(186, 'Kyle Walker', 'Inglaterra', '1990-05-28', 'Defensa', 17, 17),
(187, 'João Cancelo', 'Portugal', '1994-05-27', 'Defensa', 17, 17),
(188, 'Bruno Fernandes', 'Portugal', '1994-09-08', 'Centrocampista', 18, 18),
(189, 'Cristiano Ronaldo', 'Portugal', '1985-02-05', 'Delantero', 18, 18),
(190, 'Marcus Rashford', 'Inglaterra', '1997-10-31', 'Delantero', 18, 18),
(191, 'Paul Pogba', 'Francia', '1993-03-15', 'Centrocampista', 18, 18),
(192, 'Harry Maguire', 'Inglaterra', '1993-03-05', 'Defensa', 18, 18),
(193, 'Mason Greenwood', 'Inglaterra', '2001-10-01', 'Delantero', 18, 18),
(194, 'Luke Shaw', 'Inglaterra', '1995-07-12', 'Defensa', 18, 18),
(195, 'Jadon Sancho', 'Inglaterra', '2000-03-25', 'Delantero', 18, 18),
(196, 'Edinson Cavani', 'Uruguay', '1987-02-14', 'Delantero', 18, 18),
(197, 'David De Gea', 'España', '1990-11-07', 'Portero', 18, 18),
(198, 'Raphael Varane', 'Francia', '1993-04-25', 'Defensa', 18, 18),
(199, 'Hugo Lloris', 'Francia', '1986-12-26', 'Portero', 19, 19),
(200, 'Serge Aurier', 'Costa de Marfil', '1992-12-24', 'Defensa', 19, 19),
(201, 'Eric Dier', 'Inglaterra', '1994-01-15', 'Defensa', 19, 19),
(202, 'Pierre-Emile Højbjerg', 'Dinamarca', '1995-08-05', 'Centrocampista', 19, 19),
(203, 'Tanguy Ndombele', 'Francia', '1996-12-28', 'Centrocampista', 19, 19),
(204, 'Harry Kane', 'Inglaterra', '1993-07-28', 'Delantero', 19, 19),
(205, 'Son Heung-min', 'Corea del Sur', '1992-07-08', 'Delantero', 19, 19),
(206, 'Gareth Bale', 'Gales', '1989-07-16', 'Delantero', 19, 19),
(207, 'Lucas Moura', 'Brasil', '1992-08-13', 'Delantero', 19, 19),
(208, 'Davinson Sánchez', 'Colombia', '1996-06-12', 'Defensa', 19, 19),
(209, 'Sergio Reguilón', 'España', '1996-12-16', 'Defensa', 19, 19),
(210, 'Alphonse Areola', 'Francia', '1993-02-27', 'Portero', 20, 20),
(211, 'Kenny Tete', 'Países Bajos', '1995-10-09', 'Defensa', 20, 20),
(212, 'Tosin Adarabioyo', 'Inglaterra', '1997-09-24', 'Defensa', 20, 20),
(213, 'André-Frank Zambo Anguissa', 'Camerún', '1995-11-16', 'Centrocampista', 20, 20),
(214, 'Tom Cairney', 'Escocia', '1991-01-20', 'Centrocampista', 20, 20),
(215, 'Aleksandar Mitrović', 'Serbia', '1994-09-16', 'Delantero', 20, 20),
(216, 'Ruben Loftus-Cheek', 'Inglaterra', '1996-01-23', 'Delantero', 20, 20),
(217, 'Ivan Cavaleiro', 'Portugal', '1993-10-18', 'Delantero', 20, 20),
(218, 'Josh Onomah', 'Inglaterra', '1997-04-27', 'Centrocampista', 20, 20),
(219, 'Joachim Andersen', 'Dinamarca', '1996-05-31', 'Defensa', 20, 20),
(220, 'Antonee Robinson', 'Estados Unidos', '1997-08-08', 'Defensa', 20, 20);
INSERT INTO Participacion_Y_Clasificacion (equipo_id, torneo_id, posicion, puntos, partidos_jugados, partidos_ganados, partidos_empatados, partidos_perdidos) VALUES
    (1, 1, 1, 86, 38, 26, 8, 4),   -- Real Madrid
    (2, 1, 2, 84, 38, 25, 9, 4),   -- Barcelona
    (3, 1, 3, 82, 38, 24, 10, 4),   -- Atlético de Madrid
    (4, 1, 4, 78, 38, 22, 12, 4),   -- Sevilla
    (5, 1, 5, 76, 38, 21, 13, 4),   -- Real Sociedad
    (6, 1, 6, 73, 38, 20, 13, 5),  -- Villarreal
    (7, 1, 7, 70, 38, 19, 13, 6),  -- Real Betis
    (8, 1, 8, 68, 38, 18, 14, 6), -- Celta de Vigo
    (9, 1, 9, 65, 38, 17, 14, 7), -- Athletic Club
    (10, 1, 10, 62, 38, 16, 14, 8), -- Valencia
    (11, 2, 1, 87, 38, 27, 6, 5),   -- Arsenal
    (12, 2, 2, 85, 38, 26, 7, 5),   -- Aston Villa
    (13, 2, 3, 82, 38, 25, 7, 6),   -- Burnley
    (14, 2, 4, 80, 38, 24, 8, 6),   -- Chelsea
    (15, 2, 5, 78, 38, 23, 9, 6),   -- Everton
    (16, 2, 6, 76, 38, 22, 10, 6),   -- Liverpool
    (17, 2, 7, 73, 38, 21, 10, 7),  -- Manchester City
    (18, 2, 8, 70, 38, 20, 10, 8), -- Manchester United
    (19, 2, 9, 67, 38, 19, 10, 9), -- Tottenham Hotspur
    (20, 2, 10, 65, 38, 18, 11, 9); -- Fulham